-- Progettazione Web 
DROP DATABASE if exists turbidimeterDB; 
CREATE DATABASE turbidimeterDB; 
USE turbidimeterDB; 
-- MySQL dump 10.13  Distrib 5.7.28, for Win64 (x86_64)
--
-- Host: localhost    Database: menchini_615580
-- ------------------------------------------------------
-- Server version	5.7.28

/*!40101 SET @OLD_CHARACTER_SET_CLIENT=@@CHARACTER_SET_CLIENT */;
/*!40101 SET @OLD_CHARACTER_SET_RESULTS=@@CHARACTER_SET_RESULTS */;
/*!40101 SET @OLD_COLLATION_CONNECTION=@@COLLATION_CONNECTION */;
/*!40101 SET NAMES utf8 */;
/*!40103 SET @OLD_TIME_ZONE=@@TIME_ZONE */;
/*!40103 SET TIME_ZONE='+00:00' */;
/*!40014 SET @OLD_UNIQUE_CHECKS=@@UNIQUE_CHECKS, UNIQUE_CHECKS=0 */;
/*!40014 SET @OLD_FOREIGN_KEY_CHECKS=@@FOREIGN_KEY_CHECKS, FOREIGN_KEY_CHECKS=0 */;
/*!40101 SET @OLD_SQL_MODE=@@SQL_MODE, SQL_MODE='NO_AUTO_VALUE_ON_ZERO' */;
/*!40111 SET @OLD_SQL_NOTES=@@SQL_NOTES, SQL_NOTES=0 */;

--
-- Table structure for table `data`
--

DROP TABLE IF EXISTS `data`;
/*!40101 SET @saved_cs_client     = @@character_set_client */;
/*!40101 SET character_set_client = utf8 */;
CREATE TABLE `data` (
  `turbidimeterID` int(11) NOT NULL,
  `timestamp` timestamp NOT NULL DEFAULT CURRENT_TIMESTAMP ON UPDATE CURRENT_TIMESTAMP,
  `sensor` int(11) NOT NULL,
  `infraredOFF` bigint(20) NOT NULL,
  `visibleOFF` bigint(20) NOT NULL,
  `fullSpectrumOFF` bigint(20) NOT NULL,
  `infraredON` bigint(20) NOT NULL,
  `visibleON` bigint(20) NOT NULL,
  `fullSpectrumON` bigint(20) NOT NULL,
  PRIMARY KEY (`turbidimeterID`,`timestamp`,`sensor`)
) ENGINE=InnoDB DEFAULT CHARSET=utf8mb4;
/*!40101 SET character_set_client = @saved_cs_client */;

--
-- Dumping data for table `data`
--

LOCK TABLES `data` WRITE;
/*!40000 ALTER TABLE `data` DISABLE KEYS */;
INSERT INTO `data` VALUES (1,'2023-07-11 15:07:31',1,81,2359341,2359377,1030,44040550,44041222),(1,'2023-07-11 15:07:31',3,77,2162732,2162765,4439,186844724,186847575),(1,'2023-07-11 15:07:54',1,95,2752565,2752607,8458,377031313,377037066),(1,'2023-07-11 15:07:54',3,87,2490417,2490455,571,23331031,23331387),(1,'2023-07-11 15:08:16',1,97,2818102,2818145,573,22806753,22807101),(1,'2023-07-11 15:08:16',3,110,3145790,3145838,5225,230295215,230298729),(1,'2023-07-11 15:09:52',1,82,2359342,2359378,4640,202835465,202838560),(1,'2023-07-11 15:09:52',3,67,2031652,2031683,442,18415777,18416058),(1,'2023-07-11 15:10:15',1,93,2818098,2818141,10722,455347902,455354850),(1,'2023-07-11 15:10:15',3,73,2228263,2228297,412,16908442,16908700),(1,'2023-07-11 15:10:38',1,79,2359339,2359375,4902,220202502,220205862),(1,'2023-07-11 15:10:38',3,75,2293800,2293835,1338,56361438,56362298),(2,'2023-06-07 11:25:50',1,153,4194393,4194457,154,4194394,4194458),(2,'2023-06-07 11:25:50',3,177,4980837,4980913,179,5046374,5046451),(2,'2023-06-07 11:27:06',1,154,4194394,4194458,154,4259929,4259994),(2,'2023-06-07 11:27:06',3,179,4980839,4980915,179,4980839,4980915),(2,'2023-06-07 11:27:28',1,99,2621499,2621539,99,2752569,2752611),(2,'2023-06-07 11:27:28',3,122,3342407,3342458,122,3342407,3342458),(2,'2023-06-07 11:27:51',1,128,3473483,3473536,128,3407948,3408000),(2,'2023-06-07 11:27:51',3,160,4391005,4391072,161,4391006,4391073),(2,'2023-06-07 11:28:14',1,88,2359348,2359384,304,11468929,11469104),(2,'2023-06-07 11:28:14',3,103,2752573,2752615,388,14745763,14745988),(2,'2023-06-07 11:28:37',1,146,3997781,3997842,775,30277945,30278407),(2,'2023-06-07 11:28:37',3,171,4718691,4718763,2984,132252614,132254632),(2,'2023-06-07 11:29:00',1,147,3997782,3997843,11959,504434854,504442551),(2,'2023-06-07 11:29:00',3,170,4718690,4718762,562,22872277,22872626),(2,'2023-06-07 11:29:23',1,147,4063317,4063379,341,12845201,12845397),(2,'2023-06-07 11:29:23',3,177,4980837,4980913,658,26083588,26083986),(2,'2023-06-07 11:29:46',1,176,5046371,5046448,407,14680247,14680471),(2,'2023-06-07 11:29:46',3,205,5832820,5832909,914,36831584,36832146),(2,'2023-06-07 11:30:08',1,146,3932246,3932306,2684,110756834,110758524),(2,'2023-06-07 11:30:08',3,175,4784230,4784303,1042,45089122,45089810),(2,'2023-06-07 16:33:36',1,745,10093135,10093289,744,10093134,10093288),(2,'2023-06-07 16:33:36',3,885,12124860,12125045,882,12124857,12125042),(2,'2023-06-07 16:33:59',1,744,10093134,10093288,2014,63112219,63113182),(2,'2023-06-07 16:33:59',3,873,11928243,11928425,4829,192284519,192287453),(2,'2023-06-07 16:34:22',1,747,10158672,10158827,1983,61998093,61999039),(2,'2023-06-07 16:34:22',3,872,11928242,11928424,4619,182978339,182981131),(2,'2023-06-07 16:34:44',1,752,10289747,10289904,1658,59310833,59311738),(2,'2023-06-07 16:34:44',3,879,12059319,12059503,2532,112329522,112331236),(2,'2023-06-07 16:35:07',1,709,9765424,9765573,1372,38863627,38864220),(2,'2023-06-07 16:35:07',3,884,12059324,12059508,5046,202049451,202052534),(2,'2023-06-07 16:35:30',1,699,9568809,9568955,1221,42992181,42992837),(2,'2023-06-07 16:35:30',3,174,3539064,3539118,719,31391984,31392463),(2,'2023-06-07 16:35:53',1,70,1835050,1835078,585,24576210,24576585),(2,'2023-06-07 16:35:53',3,75,2031660,2031691,1819,82313779,82315035),(2,'2023-06-07 16:36:16',1,71,1835051,1835079,568,23855308,23855672),(2,'2023-06-07 16:36:16',3,77,2031662,2031693,1747,79102492,79103699),(2,'2023-06-07 16:36:39',1,71,1900586,1900615,669,27984114,27984541),(2,'2023-06-07 16:36:39',3,76,2031661,2031692,894,37880124,37880702),(2,'2023-06-07 16:37:02',1,68,1835048,1835076,324,13369464,13369668),(2,'2023-06-07 16:37:02',3,72,1900587,1900616,10545,458427870,458434865),(2,'2023-06-08 16:05:51',1,2202,26281737,26282138,2156,25757411,25757804),(2,'2023-06-08 16:05:51',3,2531,30803981,30804451,2533,30803983,30804453),(2,'2023-06-08 16:06:14',1,2150,25757405,25757798,2152,25757407,25757800),(2,'2023-06-08 16:06:14',3,2531,30869516,30869987,2530,30803980,30804450),(2,'2023-06-08 16:06:37',1,2149,25757404,25757797,2149,25757404,25757797),(2,'2023-06-08 16:06:37',3,2535,30869520,30869991,2533,30935053,30935525),(2,'2023-06-08 16:07:01',1,74,1966124,1966154,75,1966125,1966155),(2,'2023-06-08 16:07:01',3,84,2228274,2228308,85,2228275,2228309),(2,'2023-06-08 16:07:24',1,76,2097196,2097228,12227,525078647,525086659),(2,'2023-06-08 16:07:24',3,85,2228275,2228309,420,17694870,17695140),(2,'2023-06-08 16:07:47',1,81,2228271,2228305,12215,524750960,524758967),(2,'2023-06-08 16:07:47',3,91,2490421,2490459,408,17170578,17170840),(2,'2023-06-09 11:36:29',1,134,3735629,3735686,9707,406785452,406791659),(2,'2023-06-09 11:36:29',3,149,4128854,4128917,587,24051932,24052299),(2,'2023-06-09 11:36:52',1,147,4194387,4194451,714,29098254,29098698),(2,'2023-06-09 11:36:52',3,161,4522076,4522145,1699,73663039,73664163),(2,'2023-06-09 11:37:14',1,132,3735627,3735684,1120,45875620,45876320),(2,'2023-06-09 11:37:14',3,151,4194391,4194455,809,33489194,33489705),(2,'2023-06-09 11:37:37',1,133,3670093,3670149,724,29491474,29491924),(2,'2023-06-09 11:37:37',3,150,4194390,4194454,4771,208471606,208474787),(2,'2023-06-09 11:38:00',1,119,3276869,3276919,716,29163791,29164236),(2,'2023-06-09 11:38:00',3,133,3670093,3670149,4521,197592546,197595561),(2,'2023-06-09 11:38:23',1,111,2949186,2949231,515,20906180,20906499),(2,'2023-06-09 11:38:23',3,134,3670094,3670150,37889,1809852449,1809880065),(2,'2023-06-09 11:38:46',1,299,6226124,6226219,1431,53740131,53740951),(2,'2023-06-09 11:38:46',3,109,1310809,1310829,135,2490465,2490503),(2,'2023-06-09 11:39:09',1,2160,26609370,26609776,2939,60360674,60361595),(2,'2023-06-09 11:39:09',3,108,1310808,1310828,173,4128878,4128941),(2,'2023-06-09 11:39:32',1,2170,26740450,26740858,2888,57739223,57740104),(2,'2023-06-09 11:39:32',3,108,1310808,1310828,168,3866733,3866792),(3,'2023-05-05 11:11:56',1,117,3276867,3276917,138,3801168,3801226),(3,'2023-05-05 11:11:56',3,282,6422712,6422810,284,6488249,6488348),(3,'2023-05-05 11:12:12',1,206,4849796,4849870,37889,2283539429,2283574273),(3,'2023-05-05 11:12:12',3,303,7012548,7012655,304,7012549,7012656),(3,'2023-05-05 11:12:27',1,8,196613,196616,2662,111543232,111544934),(3,'2023-05-05 11:12:27',3,307,7078087,7078195,308,7143623,7143732),(3,'2023-05-05 11:12:43',1,5,131075,131077,5,131075,131077),(3,'2023-05-05 11:12:43',3,284,6357179,6357276,37889,2483093504,2483131393),(3,'2023-05-05 11:38:09',1,273,6422703,6422801,37889,2483093504,2483131393),(3,'2023-05-05 11:38:09',3,413,10092803,10092957,413,10092803,10092957),(3,'2023-05-05 11:38:25',1,8,196613,196616,6897,292686207,292690673),(3,'2023-05-05 11:38:25',3,412,10027267,10027420,410,9961730,9961882),(3,'2023-05-05 11:38:41',1,11,262151,262155,11,262151,262155),(3,'2023-05-05 11:38:41',3,263,6815903,6816007,37889,2483093504,2483131393),(3,'2023-05-05 11:38:57',1,11,262151,262155,11,262151,262155),(3,'2023-05-05 11:38:57',3,15,327690,327695,5814,244058154,244061878),(3,'2023-05-05 11:39:13',1,11,262151,262155,11,262151,262155),(3,'2023-05-05 11:39:13',3,14,327689,327694,5633,236980193,236983809),(3,'2023-05-05 11:39:28',1,11,262151,262155,6087,255658122,255662023),(3,'2023-05-05 11:39:28',3,17,393227,393233,17,393227,393233),(3,'2023-05-05 11:49:43',1,289,7995559,7995681,294,7798959,7799078),(3,'2023-05-05 11:49:43',3,285,8126625,8126749,295,8126635,8126759),(3,'2023-05-05 11:49:59',1,273,7405728,7405841,1454,57082439,57083310),(3,'2023-05-05 11:49:59',3,270,7536795,7536910,2434,99025819,99027330),(3,'2023-05-05 11:50:15',1,305,8061110,8061233,866,31981946,31982434),(3,'2023-05-05 11:50:15',3,300,8192175,8192300,4682,193529537,193532490),(3,'2023-05-05 11:50:31',1,309,8061114,8061237,4664,190187234,190190136),(3,'2023-05-05 11:50:31',3,308,8323253,8323380,491,16056566,16056811),(3,'2023-05-05 11:50:47',1,304,7864504,7864624,2288,91227008,91228400),(3,'2023-05-05 11:50:47',3,305,8192180,8192305,4187,171836957,171839579),(3,'2023-05-10 18:31:42',1,8,196613,196616,3332,140772512,140774660),(3,'2023-05-10 18:31:42',3,8,131078,131080,1413,60752358,60753285),(3,'2023-05-10 18:31:57',1,8,196613,196616,2589,108987294,108988957),(3,'2023-05-10 18:31:57',3,7,131077,131079,2699,115344299,115346059),(3,'2023-05-10 18:32:13',1,7,196612,196615,5540,232523720,232527268),(3,'2023-05-10 18:32:13',3,8,196613,196616,2322,100008732,100010258),(3,'2023-05-10 18:32:29',1,11,262151,262155,331,14286961,14287179),(3,'2023-05-10 18:32:29',3,10,196615,196618,11643,494080008,494087547),(3,'2023-05-10 18:32:45',1,8,196613,196616,5900,247793735,247797516),(3,'2023-05-10 18:32:45',3,9,196614,196617,185,8126525,8126649),(3,'2023-05-11 15:25:02',1,178,3735673,3735730,185,3997820,3997881),(3,'2023-05-11 15:25:02',3,95,2162750,2162783,37889,2313554459,2313589761),(3,'2023-05-11 15:25:17',1,117,2818122,2818165,3031,124847206,124849111),(3,'2023-05-11 15:25:17',3,7,131077,131079,28,1114123,1114140),(3,'2023-05-11 15:25:33',1,105,2490435,2490473,3926,163120541,163123030),(3,'2023-05-11 15:25:33',3,4,65539,65540,90,3670050,3670106),(3,'2023-05-11 15:25:49',1,169,3539059,3539113,1432,56951347,56952216),(3,'2023-05-11 15:25:49',3,6,131076,131078,118,4718638,4718710),(3,'2023-05-11 15:26:05',1,161,3670121,3670177,37889,2139886709,2139919361),(3,'2023-05-11 15:26:05',3,5,131075,131077,22,917512,917526),(3,'2023-05-11 15:26:21',1,6,131076,131078,26,1048586,1048602),(3,'2023-05-11 15:26:21',3,4,65539,65540,3024,126354504,126356432),(3,'2023-05-11 15:26:37',1,4,65539,65540,133,5374003,5374085),(3,'2023-05-11 15:26:37',3,4,65539,65540,100,4128805,4128868),(3,'2023-05-18 10:02:37',1,123,3342408,3342459,396,14942376,14942604),(3,'2023-05-18 10:02:37',3,120,3473475,3473528,4081,172688806,172691441),(3,'2023-05-18 10:02:53',1,60,1966110,1966140,4146,173540826,173543474),(3,'2023-05-18 10:02:53',3,50,1638425,1638450,4513,191497783,191500705),(3,'2023-05-18 10:03:09',1,108,2818113,2818156,404,15335594,15335828),(3,'2023-05-18 10:03:09',3,116,3211331,3211380,4308,181274118,181276884),(3,'2023-05-18 10:03:25',1,113,3080258,3080305,23608,996090073,996105272),(3,'2023-05-18 10:03:25',3,122,3407942,3407994,591,24248541,24248911),(3,'2023-05-18 10:03:41',1,127,3473482,3473535,627,25297137,25297523),(3,'2023-05-18 10:03:41',3,135,3866700,3866759,17094,728438619,728449734),(3,'2023-05-18 10:17:15',1,88,2490418,2490456,890,36438350,36438906),(3,'2023-05-18 10:17:15',3,100,2555965,2556004,713,29294858,29295305),(3,'2023-05-18 10:17:31',1,109,2818114,2818157,1988,82117343,82118596),(3,'2023-05-18 10:17:31',3,103,2949178,2949223,6664,283838749,283843080),(3,'2023-05-18 10:17:47',1,122,3276872,3276922,544,21889234,21889568),(3,'2023-05-18 10:17:47',3,110,3276860,3276910,12772,545657182,545665508),(3,'2023-05-18 10:18:02',1,88,2687023,2687064,6432,273615057,273619232),(3,'2023-05-18 10:18:02',3,56,1900571,1900600,543,24182958,24183327),(3,'2023-05-18 10:18:18',1,85,2621485,2621525,37889,2196246809,2196280321),(3,'2023-05-18 10:18:18',3,52,1769497,1769524,564,26345634,26346036),(3,'2023-05-18 10:31:46',1,80,2293805,2293840,113,2883653,2883697),(3,'2023-05-18 10:31:46',3,126,3342411,3342462,119,3145799,3145847),(3,'2023-05-18 10:32:02',1,116,2949191,2949236,3596,151651586,151653900),(3,'2023-05-18 10:32:02',3,124,3276874,3276924,1138,47120803,47121522),(3,'2023-05-18 10:32:18',1,122,3080267,3080314,531,21299406,21299731),(3,'2023-05-18 10:32:18',3,127,3342412,3342463,24997,1071325642,1071341989),(3,'2023-05-18 10:32:34',1,124,3211339,3211388,125,3342410,3342461),(3,'2023-05-18 10:32:34',3,138,3735633,3735690,140,3801170,3801228),(3,'2023-05-18 10:32:50',1,151,4063321,4063383,3371,154797041,154799403),(3,'2023-05-18 10:32:50',3,148,4128853,4128916,5604,251987679,251991524),(3,'2023-05-25 10:12:52',1,90,2621490,2621530,306,11796606,11796786),(3,'2023-05-25 10:12:52',3,98,2883638,2883682,3780,160498995,160501444),(3,'2023-05-25 10:13:08',1,86,2424881,2424918,247,9306217,9306359),(3,'2023-05-25 10:13:08',3,95,2752565,2752607,4159,174720469,174723135),(3,'2023-05-25 10:13:24',1,86,2555951,2555990,37889,2206535804,2206569473),(3,'2023-05-25 10:13:24',3,97,2818102,2818145,551,23789756,23790119),(3,'2023-05-25 10:13:40',1,3,65538,65539,19,786439,786451),(3,'2023-05-25 10:13:40',3,88,2555953,2555992,19181,823531991,823544557),(3,'2023-06-08 16:08:53',1,78,2097198,2097230,619,25624804,25625195),(3,'2023-06-08 16:08:53',3,89,2359349,2359385,8736,391776966,391782944),(3,'2023-06-08 16:09:16',1,75,2162730,2162763,651,27066606,27067019),(3,'2023-06-08 16:09:16',3,89,2424884,2424921,8352,375523902,375529632),(3,'2023-06-08 16:09:39',1,75,2097195,2097227,703,29294848,29295295),(3,'2023-06-08 16:09:39',3,89,2359349,2359385,3017,135201722,135203785),(3,'2023-06-08 16:10:02',1,2133,25429713,25430101,2482,40830787,40831410),(3,'2023-06-08 16:10:02',3,2516,30672896,30673364,8979,322244574,322249491),(5,'2023-06-06 11:55:21',1,154,4456534,4456602,2204,90243899,90245276),(5,'2023-06-06 11:55:21',3,150,4390995,4391062,429,16646319,16646573),(5,'2023-06-06 11:55:37',1,152,4325462,4325528,1432,59245072,59245976),(5,'2023-06-06 11:55:37',3,144,4194384,4194448,1315,55443925,55444771),(5,'2023-06-06 11:55:53',1,128,3735623,3735680,7239,302516799,302521415),(5,'2023-06-06 11:55:53',3,125,3670085,3670141,271,10158196,10158351),(5,'2023-06-06 11:56:09',1,139,3997774,3997835,354,13697169,13697378),(5,'2023-06-06 11:56:09',3,115,3407935,3407987,18079,770185399,770197151),(5,'2023-06-06 11:56:25',1,118,3407938,3407990,13941,586552191,586561141),(5,'2023-06-06 11:56:25',3,118,3473473,3473526,310,12124285,12124470),(5,'2023-06-07 15:40:57',1,86,2490416,2490454,579,23920854,23921219),(5,'2023-06-07 15:40:57',3,93,2687028,2687069,906,40370466,40371082),(5,'2023-06-07 15:41:19',1,92,2818097,2818140,596,24707291,24707668),(5,'2023-06-07 15:41:19',3,97,2883637,2883681,3859,169739509,169742099),(5,'2023-06-07 15:41:42',1,72,2031657,2031688,75,2162730,2162763),(5,'2023-06-07 15:41:42',3,71,1966121,1966151,77,2162732,2162765),(5,'2023-06-07 15:42:05',1,75,2162730,2162763,698,29294843,29295290),(5,'2023-06-07 15:42:05',3,77,2162732,2162765,3679,162268339,162270815),(5,'2023-06-07 15:42:28',1,82,2424877,2424914,734,30802184,30802654),(5,'2023-06-07 15:42:28',3,87,2555952,2555991,3884,171312374,171314988),(5,'2023-06-07 15:42:51',1,693,9830943,9831093,1288,35390188,35390728),(5,'2023-06-07 15:42:51',3,926,12518111,12518302,4432,167970637,167973200),(5,'2023-06-07 15:43:14',1,67,1835047,1835075,388,15990928,15991172),(5,'2023-06-07 15:43:14',3,67,1835047,1835075,9029,384502874,384508741),(5,'2023-06-07 15:43:37',1,75,2162730,2162763,372,15270027,15270260),(5,'2023-06-07 15:43:37',3,80,2293805,2293840,8578,364710853,364716418),(5,'2023-06-07 15:44:00',1,96,3145776,3145824,421,17432731,17432997),(5,'2023-06-07 15:44:00',3,94,2883634,2883678,9324,397085889,397091948),(5,'2023-06-07 15:44:22',1,205,4653190,4653261,527,18874607,18874895),(5,'2023-06-07 15:44:22',3,198,4456578,4456646,9461,399969566,399975669),(5,'2023-06-07 15:44:45',1,188,3801218,3801276,524,18743534,18743820),(5,'2023-06-07 15:44:45',3,188,3997823,3997884,9925,420154810,420161221),(5,'2023-06-07 15:45:08',1,187,3866752,3866811,844,32047459,32047948),(5,'2023-06-07 15:45:08',3,186,3932286,3932346,1430,59245070,59245974),(7,'2023-06-09 11:19:17',1,132,3735627,3735684,124,3473479,3473532),(7,'2023-06-09 11:19:17',3,148,4128853,4128916,139,3866704,3866763),(7,'2023-06-09 11:19:40',1,125,3473480,3473533,661,27001081,27001493),(7,'2023-06-09 11:19:40',3,137,3735632,3735689,1268,55968158,55969012),(7,'2023-06-09 11:20:03',1,146,4194386,4194450,887,36569417,36569975),(7,'2023-06-09 11:20:03',3,162,4522077,4522146,1161,49086876,49087625),(7,'2023-06-09 11:20:26',1,142,3997777,3997838,868,35848513,35849060),(7,'2023-06-09 11:20:26',3,159,4456539,4456607,1175,50004380,50005143),(7,'2023-06-09 11:20:49',1,148,4194388,4194452,1700,70386290,70387364),(7,'2023-06-09 11:20:49',3,162,4653147,4653218,725,30212360,30212821),(7,'2023-06-09 11:21:12',1,142,3997777,3997838,1907,79430327,79431539),(7,'2023-06-09 11:21:12',3,157,4456537,4456605,729,30474504,30474969),(7,'2023-06-09 11:21:34',1,147,4194387,4194451,2112,87884547,87885888),(7,'2023-06-09 11:21:34',3,161,4587611,4587681,723,30081288,30081747),(7,'2023-06-09 11:21:57',1,146,4194386,4194450,2704,112919509,112921232),(7,'2023-06-09 11:21:57',3,162,4587612,4587682,757,31719697,31720181),(7,'2023-06-09 11:22:20',1,132,3670092,3670148,724,29622544,29622996),(7,'2023-06-09 11:22:20',3,151,4259926,4259991,6943,301402408,301407007),(7,'2023-06-09 11:22:43',1,119,3342404,3342455,725,29753615,29754069),(7,'2023-06-09 11:22:43',3,135,3670095,3670151,4057,176358742,176361433),(7,'2023-07-11 14:34:18',1,114,3539004,3539058,265,10158190,10158345),(7,'2023-07-11 14:34:18',3,142,3997777,3997838,244,8781934,8782068),(7,'2023-07-11 14:34:41',1,96,2949171,2949216,3152,132645992,132648016),(7,'2023-07-11 14:34:41',3,107,3145787,3145835,4956,208406256,208409436),(7,'2023-07-11 14:35:04',1,119,3473474,3473527,399,16646289,16646543),(7,'2023-07-11 14:35:04',3,117,3407937,3407989,37889,1703423609,1703449601),(7,'2023-07-11 14:35:27',1,105,3145785,3145833,28468,1191454768,1191472948),(7,'2023-07-11 14:35:27',3,4,65539,65540,16,655366,655376);
/*!40000 ALTER TABLE `data` ENABLE KEYS */;
UNLOCK TABLES;

--
-- Table structure for table `notifiche`
--

DROP TABLE IF EXISTS `notifiche`;
/*!40101 SET @saved_cs_client     = @@character_set_client */;
/*!40101 SET character_set_client = utf8 */;
CREATE TABLE `notifiche` (
  `User` varchar(500) DEFAULT NULL,
  `Tipo` varchar(500) DEFAULT NULL,
  `latitudine` decimal(8,6) DEFAULT NULL,
  `longitudine` decimal(8,6) DEFAULT NULL,
  `IdTurbidimetro` int(11) DEFAULT NULL,
  `Timestamp` timestamp NOT NULL DEFAULT CURRENT_TIMESTAMP ON UPDATE CURRENT_TIMESTAMP,
  `intervallo` int(11) DEFAULT '30'
) ENGINE=InnoDB DEFAULT CHARSET=utf8mb4;
/*!40101 SET character_set_client = @saved_cs_client */;

--
-- Dumping data for table `notifiche`
--

LOCK TABLES `notifiche` WRITE;
/*!40000 ALTER TABLE `notifiche` DISABLE KEYS */;
INSERT INTO `notifiche` VALUES ('admin','ins',43.724591,10.382981,1,'2023-09-12 13:36:30',30),('admin','ins',43.769560,11.255814,2,'2023-09-12 13:36:30',30),('admin','ins',43.818507,10.265755,3,'2023-09-12 13:36:30',30),('admin','ins',43.548473,10.310567,4,'2023-09-12 13:36:30',30),('admin','ins',43.721054,10.389839,7,'2023-09-12 13:36:30',30),('admin','set',22.000000,NULL,1,'2023-09-12 13:36:30',30),('admin','login',NULL,NULL,NULL,'2023-09-12 13:36:30',30),('dd','login',NULL,NULL,NULL,'2023-09-12 13:36:51',NULL),('dd','set',NULL,NULL,1,'2023-09-12 13:37:04',1),(NULL,'status',0.000000,NULL,1,'2023-09-12 13:37:34',NULL),('dd','ins',12.000000,12.000000,1,'2023-09-12 13:39:07',NULL),('dd','ins',12.000000,12.000000,12,'2023-09-12 13:39:14',NULL),('dd','mod',12.000000,12.000000,12,'2023-09-12 13:39:39',NULL),('dd','set',NULL,NULL,12,'2023-09-12 13:40:03',1),('dd','del',NULL,NULL,12,'2023-09-12 13:40:19',NULL),('ciao','login',NULL,NULL,NULL,'2023-09-12 13:41:21',NULL),('admin','login',NULL,NULL,NULL,'2023-09-12 13:43:09',NULL),('admin','login',NULL,NULL,NULL,'2023-09-12 13:43:43',NULL),('ASDASD','login',NULL,NULL,NULL,'2023-09-12 13:43:59',NULL),('ddddd','login',NULL,NULL,NULL,'2023-09-12 13:47:41',NULL),('dddddddd','login',NULL,NULL,NULL,'2023-09-12 13:50:15',NULL),('dddd','login',NULL,NULL,NULL,'2023-09-12 13:51:26',NULL);
/*!40000 ALTER TABLE `notifiche` ENABLE KEYS */;
UNLOCK TABLES;

--
-- Table structure for table `turbidimeters`
--

DROP TABLE IF EXISTS `turbidimeters`;
/*!40101 SET @saved_cs_client     = @@character_set_client */;
/*!40101 SET character_set_client = utf8 */;
CREATE TABLE `turbidimeters` (
  `turbidimeterID` int(11) NOT NULL,
  `latitudine` decimal(8,6) NOT NULL,
  `longitudine` decimal(8,6) NOT NULL,
  `stimaTrasmissione` int(10) DEFAULT '10',
  `ultimoDato` timestamp NOT NULL DEFAULT CURRENT_TIMESTAMP,
  `status` tinyint(1) DEFAULT '1',
  PRIMARY KEY (`turbidimeterID`)
) ENGINE=InnoDB DEFAULT CHARSET=utf8mb4;
/*!40101 SET character_set_client = @saved_cs_client */;

--
-- Dumping data for table `turbidimeters`
--

LOCK TABLES `turbidimeters` WRITE;
/*!40000 ALTER TABLE `turbidimeters` DISABLE KEYS */;
INSERT INTO `turbidimeters` VALUES (1,43.724591,10.382981,1,'2023-09-12 13:36:30',0),(2,43.769560,11.255814,30,'2023-09-12 13:36:30',1),(3,43.818507,10.265755,30,'2023-09-12 13:36:30',1),(5,43.548473,10.310567,30,'2023-09-12 13:36:30',1),(7,43.721054,10.389839,30,'2023-09-12 13:36:30',1);
/*!40000 ALTER TABLE `turbidimeters` ENABLE KEYS */;
UNLOCK TABLES;

--
-- Table structure for table `users`
--

DROP TABLE IF EXISTS `users`;
/*!40101 SET @saved_cs_client     = @@character_set_client */;
/*!40101 SET character_set_client = utf8 */;
CREATE TABLE `users` (
  `name` varchar(50) NOT NULL,
  `password` varchar(200) DEFAULT NULL,
  PRIMARY KEY (`name`)
) ENGINE=InnoDB DEFAULT CHARSET=utf8mb4;
/*!40101 SET character_set_client = @saved_cs_client */;

--
-- Dumping data for table `users`
--

LOCK TABLES `users` WRITE;
/*!40000 ALTER TABLE `users` DISABLE KEYS */;
INSERT INTO `users` VALUES ('admin','$2y$10$tqoVWKYJlnuB6QGIM5f7uuDUE.nKHzNlK0LuaoS2wcjZo9c3LiQpy'),('ASDASD','$2y$10$FWnnCYzeOomy7aoCa.ruxO/ut3qc6O87rq8GNxuwfmNUKSie/U/3e'),('ciao','$2y$10$UWQ/i8ObdkNBz7tpELfHReQP.UCaRyIQMlHZQw2yZitC5HBksHagW'),('dd','$2y$10$.qtUzs1SG2PYNo03NHpYPeJqI1ZbA8tgNdwd1MKRClEvuuDGyWzT.'),('dddd','$2y$10$l979Y6KGSt/8dIr7mhsRa.hJV/FaD1zLPCXmYYWOCTYSOs2N9opMy'),('ddddd','$2y$10$yrkJVp/hCCGRg7CFSUtdmeuqBNvVBiwwy9fc/tHLfLFRCyQk9MM/2'),('dddddddd','$2y$10$j39ieW9.eSy4UydlOJYbzOVnw.GSW32U5SOrqE1wD1EYCQyZbAHHK');
/*!40000 ALTER TABLE `users` ENABLE KEYS */;
UNLOCK TABLES;
/*!40103 SET TIME_ZONE=@OLD_TIME_ZONE */;

/*!40101 SET SQL_MODE=@OLD_SQL_MODE */;
/*!40014 SET FOREIGN_KEY_CHECKS=@OLD_FOREIGN_KEY_CHECKS */;
/*!40014 SET UNIQUE_CHECKS=@OLD_UNIQUE_CHECKS */;
/*!40101 SET CHARACTER_SET_CLIENT=@OLD_CHARACTER_SET_CLIENT */;
/*!40101 SET CHARACTER_SET_RESULTS=@OLD_CHARACTER_SET_RESULTS */;
/*!40101 SET COLLATION_CONNECTION=@OLD_COLLATION_CONNECTION */;
/*!40111 SET SQL_NOTES=@OLD_SQL_NOTES */;

-- Dump completed on 2023-09-12 15:57:02
